Members,user_login,user_pass,user_nicename,user_email,user_url,user_registered,display_name,user_role,nickname,first_name,last_name,description,Name,Email:,Phone:,Address:,Website:,Shorttext,BirthDay,Education:,Institution:,Employment:,Facebook,Twitter,Dribbble,Behance,YouTube,My Hobbies:,Favorite Music Bands/Artists:,Favorite TV Shows:,Favorite Books:,Favorite Movies:,Other Activities:,group_slug,
1,admin,$P$BlQL6P45YOHhXCfOogEsFNza1JL25O/,admin,admin@gmail.com,https://www.radiustheme.com/demo/wordpress/themes/cirkle,2021-03-18 18:28:56,Rebeca Powel,administrator,Rebeca Powel,Rebeca,Powel,,Rebeca Powel,info@example.com,,59 Street Newyorkc City,http://www.rebeca.com,United State of America,January 1 1998,The New College of Design,Radiustheme Techlonology,Web Development,https://www.facebook.com/,https://twitter.com/,https://dribbble.com/,https://www.behance.net/,https://www.youtube.com/,When an unknown printer took a galley of type and scrambled make a type specimen It has survived not only five centuries.,Iron Maid DC/AC Megablow The Ill Kung Fighters System of a Revenge.,Breaking Good RedDevil People of Interest The Running Dead Found,The Crime of the Century Egiptian Mythology 101 The Scarred Wizard Lord of the Wings Amongst Gods The Oracle A Tale of Air and Water.,Idiocratic The Scarred Wizard and the Fire Crown Crime Squad Ferrum Man.,Swimming Surfing Scuba Diving Anime Photography Tattoos Street Art.,monsters-inc - the-tourist - game-of-thrones - blade-runner - black-swan - robin-hood - the-godfather,
2,antawn,$P$Bn3xI5B2dNAl/.AxXHirPD6OFtNpMy.,antawn,bp.def.data+1@gmail.com,,2021-03-12 15:46:40,Antawn Jamison,administrator,Antawn Jamison,Antawn,Jamison,,Antawn Jamison,info@example.com,,123 Main Street New York NY 10030.,http://www.example.com,United State of America,October 10 2009,The true sign of intelligence is not knowledge but imagination.,https://google.com,UX/UI Designer,https://www.facebook.com/,https://twitter.com/,https://dribbble.com/,https://www.behance.net/,https://www.youtube.com/,When an unknown printer took a galley of type and scrambled make a type specimen It has survived not only five centuries.,Iron Maid DC/AC Mega blow The Ill King Fighters System of a Revenge.,Breaking Good Red Devil People of Interest The Running Dead Found,The Crime of the Century Egyptian Mythology 101 The Scarred Wizard Lord of the Wings Among-st Gods The Oracle A Tale of Air and Water.,Idiomatic The Scarred Wizard and the Fire Crown Crime Squad Fer-rum Man.,Swimming Surfing Scuba Diving Anime Photography Tattoos Street Art.,transformers - gone-in-60-seconds - rocknrolla - inglourious-basterds - wall-e - back-to-the-future - harry-potter - unstoppable,
3,chynna,$P$BS6DQ5f2EWeRwfVv9k9Hep4Eykb/6q.,chynna,bp.def.data+2@gmail.com,,2021-02-27 17:49:59,Chynna Phillips,author,Chynna Phillips,Chynna,Phillips,,Chynna Phillips,info@example.com,,123 Main Street New York NY 10030.,http://www.example.com,United State of America,August 8 2007,The New College of Development,https://ovirium.com,Web Development,https://www.facebook.com/,https://twitter.com/,https://dribbble.com/,https://www.behance.net/,https://www.youtube.com/,When an unknown printer took a galley of type and scrambled make a type specimen It has survived not only five centuries,Iron Maid DC/AC Megablow The Ill Kung Fighters System of a Revenge.,Breaking Good RedDevil People of Interest The Running Dead Found,The Crime of the Century Egiptian Mythology 101 The Scarred Wizard Lord of the Wings Amongst Gods The Oracle A Tale of Air and Water.,Idiocratic The Scarred Wizard and the Fire Crown Crime Squad Ferrum Man.,Swimming Surfing Scuba Diving Anime Photography Tattoos Street Art.,the-legend-of-zorro - the-lord-of-the-rings - forrest-gump - harry-potter - the-wrestler - game-of-thrones - unstoppable,
4,kiki,$P$BunxxzCzHQoKA4j2ziGS83nqRFHZyS0,kiki,bp.def.data+3@gmail.com,,2021-02-12 10:46:27,Kiki Cuyler,subscriber,Kiki Cuyler,Kiki,Cuyler,,Kiki Cuyler,info@example.com,,123 Main Street New York NY 10030.,http://www.example.com,United State of America,June 6 2005,Learn from yesterday live  for today hope for tomorrow.,https://wordpress.org,Web Development,https://www.facebook.com/,https://twitter.com/,https://dribbble.com/,https://www.behance.net/,https://www.youtube.com/,When an unknown printer took a galley of type and scrambled make a type specimen It has survived not only five centuries,Iron Maid DC/AC Megablow The Ill Kung Fighters System of a Revenge.,Breaking Good RedDevil People of Interest The Running Dead Found,The Crime of the Century Egyptian Mythology 101 The Scarred Wizard Lord of the Wings Amongst Gods The Oracle A Tale of Air and Water.,Idiocratic The Scarred Wizard and the Fire Crown Crime Squad Ferrum Man.,Swimming Surfing Scuba Diving Anime Photography Tattoos Street Art.,forrest-gump - inglourious-basterds - the-shawshank-redemption - the-legend-of-zorro - the-lord-of-the-rings - wall-e - back-to-the-future - harry-potter - the-wrestler - game-of-thrones - unstoppable,
6,matraca,$P$BqD9SFcyW32dYIfO4S8x3o9v3ArYXr/,matraca,bp.def.data+5@gmail.com,,2021-02-18 19:27:04,Matraca Berg,subscriber,Matraca Berg,Matraca,Berg,,Matraca Berg,info@example.com,,123 Main Street New York NY 10030.,http://www.example.com,United State of America,November 11 2010,The New College of Development,https://wordpress.com,Web Development,https://www.facebook.com/,https://twitter.com/,https://dribbble.com/,https://www.behance.net/,https://www.youtube.com/,When an unknown printer took a galley of type and scrambled make a type specimen It has survived not only five centuries,Iron Maid DC/AC Megablow The Ill Kung Fighters System of a Revenge.,Breaking Good RedDevil People of Interest The Running Dead Found,The Crime of the Century Egiptian Mythology 101 The Scarred Wizard Lord of the Wings Amongst Gods The Oracle A Tale of Air and Water.,Idiocratic The Scarred Wizard and the Fire Crown Crime Squad Ferrum Man.,Swimming Surfing Scuba Diving Anime Photography Tattoos Street Art.,the-shawshank-redemption - the-matrix - the-lord-of-the-rings - gone-in-60-seconds - inglourious-basterds - kill-bill - men-in-black - the-legend-of-zorro - forrest-gump - wall-e - harry-potter - the-wrestler - monsters-inc - game-of-thrones,
7,ron,$P$BnO8gW1OO8kNReqApECZV6IcMAkngf/,ron,bp.def.data+6@gmail.com,,2021-02-22 18:17:37,Ron Faucheux,subscriber,Ron Faucheux,Ron,Faucheux,,Ron Faucheux,info@example.com,,123 Main Street New York NY 10030.,http://www.ronfaucheux.com,United State of America,October 10 2009,The New College of Development,https://cosydale.com,Web Development,https://www.facebook.com/,https://twitter.com/,https://dribbble.com/,https://www.behance.net/,https://www.youtube.com/,When an unknown printer took a galley of type and scrambled make a type specimen It has survived not only five centuries,Iron Maid DC/AC Megablow The Ill Kung Fighters System of a Revenge.,Breaking Good RedDevil People of Interest The Running Dead Found,The Crime of the Century Egiptian Mythology 101 The Scarred Wizard Lord of the Wings Amongst Gods The Oracle A Tale of Air and Water.,Idiocratic The Scarred Wizard and the Fire Crown Crime Squad Ferrum Man.,Swimming Surfing Scuba Diving Anime Photography Tattoos Street Art.,the-godfather - the-shawshank-redemption - wall-e - back-to-the-future - harry-potter - blade-runner - the-wrestler - game-of-thrones - robin-hood,
9,monta,$P$Bjd/m/1ZOUF/STR3udMybUvJAPAdTq1,monta,bp.def.data+8@gmail.com,,2021-03-03 04:27:16,Monta Ellis,subscriber,Monta Ellis,Monta,Ellis,,Monta Ellis,info@example.com,,123 Main Street New York NY 10030.,http://www.example.com,United State of America,July 7 2006,The New College of Development,https://wikipedia.org,Web Development,https://www.facebook.com/,https://twitter.com/,https://dribbble.com/,https://www.behance.net/,https://www.youtube.com/,When an unknown printer took a galley of type and scrambled make a type specimen It has survived not only five centuries,Iron Maid DC/AC Megablow The Ill Kung Fighters System of a Revenge.,Breaking Good RedDevil People of Interest The Running Dead Found,The Crime of the Century Egiptian Mythology 101 The Scarred Wizard Lord of the Wings Amongst Gods The Oracle A Tale of Air and Water.,Idiocratic The Scarred Wizard and the Fire Crown Crime Squad Ferrum Man.,Swimming Surfing Scuba Diving Anime Photography Tattoos Street Art.,inglourious-basterds - kill-bill - gone-in-60-seconds - the-shawshank-redemption - the-legend-of-zorro - forrest-gump - wall-e - harry-potter - blade-runner - black-swan - robin-hood - unstoppable,
13,shan,$P$B4lw4RUfH0wv1OI5iHytPqhxvBDSPw.,shan,bp.def.data+12@gmail.com,,2021-03-05 19:00:49,Shan Foster,subscriber,Shan Foster,Shan,Foster,,Shan Foster,info@example.com,,123 Main Street New York NY 10030.,http://www.example.com,United State of America,May 5 2004,The New College of Design,https://buddypress.org,UX/UI Designer,https://www.facebook.com/,https://twitter.com/,https://dribbble.com/,https://www.behance.net/,https://www.youtube.com/,When an unknown printer took a galley of type and scrambled make a type specimen It has survived not only five centuries.,Iron Maid DC/AC Megablow The Ill Kung Fighters System of a Revenge.,Breaking Good RedDevil People of Interest The Running Dead Found,The Crime of the Century Egiptian Mythology 101 The Scarred Wizard Lord of the Wings Amongst Gods The Oracle A Tale of Air and Water.,Idiocratic The Scarred Wizard and the Fire Crown Crime Squad Ferrum Man.,Swimming Surfing Scuba Diving Anime Photography Tattoos Street Art.,the-shawshank-redemption - back-to-the-future - the-wrestler - game-of-thrones - robin-hood - unstoppable,
16,wynonna,$P$BDM8tVIWV0P12TpSz1sQ/hJP.KGA/Y0,wynonna,bp.def.data+15@gmail.com,,2021-03-02 18:47:51,Wynonna Judd,subscriber,Wynonna Judd,Wynonna,Judd,,Wynonna Judd,info@example.com,,123 Main Street New York NY 10030.,http://www.example.com,United State of America,November 11 2010,The New College of Development,https://wordpress.org,Web Development,https://www.facebook.com/,https://twitter.com/,https://dribbble.com/,https://www.behance.net/,https://www.youtube.com/,When an unknown printer took a galley of type and scrambled make a type specimen It has survived not only five centuries.,Iron Maid DC/AC Megablow The Ill Kung Fighters System of a Revenge.,Breaking Good RedDevil People of Interest The Running Dead Found,The Crime of the Century Egiptian Mythology 101 The Scarred Wizard Lord of the Wings Amongst Gods The Oracle A Tale of Air and Water.,Idiocratic The Scarred Wizard and the Fire Crown Crime Squad Ferrum Man.,Swimming Surfing Scuba Diving Anime Photography Tattoos Street Art.,unstoppable - gone-in-60-seconds - inglourious-basterds - the-legend-of-zorro - the-wrestler - black-swan,
17,john,$P$BrdgYHC7yC9T32KE0TYaxmFh9el5fX1,john,bp.def.data+16@gmail.com,,2021-02-19 10:06:56,John Caius,subscriber,John Caius,John,Caius,,John Caius,info@example.com,,123 Main Street New York NY 10030.,http://www.example.com,United State of America,April 4 2003,You must be the change you wish to see in the world.,https://wikipedia.org,Web Development,https://www.facebook.com/,https://twitter.com/,https://dribbble.com/,https://www.behance.net/,https://www.youtube.com/,When an unknown printer took a galley of type and scrambled make a type specimen It has survived not only five centuries.,Iron Maid DC/AC Megablow The Ill Kung Fighters System of a Revenge.,Breaking Good RedDevil People of Interest The Running Dead Found,The Crime of the Century Egiptian Mythology 101 The Scarred Wizard Lord of the Wings Amongst Gods The Oracle A Tale of Air and Water.,Idiocratic The Scarred Wizard and the Fire Crown Crime Squad Ferrum Man.,Swimming Surfing Scuba Diving Anime Photography Tattoos Street Art.,the-wrestler - inglourious-basterds - the-shawshank-redemption - transformers - the-matrix - the-lord-of-the-rings - forrest-gump - back-to-the-future - robin-hood,
18,thomas,$P$BMTxcPYLWnkknJLI5jhWHeM.D4e.lO0,thomas,bp.def.data+17@gmail.com,,2021-03-05 21:17:50,Thomas Carew,contributor,Thomas Carew,Thomas,Carew,,Thomas Carew,info@example.com,,123 Main Street New York NY 10030.,http://www.example.com,Queensland Australia.,June 6 2005,The New College of Development,https://ovirium.com,Web Development,https://www.facebook.com/,https://twitter.com/,https://dribbble.com/,https://www.behance.net/,https://www.youtube.com/,When an unknown printer took a galley of type and scrambled make a type specimen It has survived not only five centuries.,Iron Maid DC/AC Megablow The Ill Kung Fighters System of a Revenge.,Breaking Good RedDevil People of Interest The Running Dead Found,The Crime of the Century Egiptian Mythology 101 The Scarred Wizard Lord of the Wings Amongst Gods The Oracle A Tale of Air and Water.,Idiocratic The Scarred Wizard and the Fire Crown Crime Squad Ferrum Man.,Swimming Surfing Scuba Diving Anime Photography Tattoos Street Art.,gone-in-60-seconds - harry-potter - rocknrolla - inglourious-basterds - the-shawshank-redemption - men-in-black - forrest-gump - back-to-the-future - monsters-inc - robin-hood,
19,jason,$P$BNa5w4gWbw5lGBH1GGIKlTH5bxqsrH1,jason,bp.def.data+18@gmail.com,,2021-03-04 02:48:37,Jason Chaffetz,subscriber,Jason Chaffetz,Jason,Chaffetz,,Jason Chaffetz,info@example.com,,10 Mills Street Albion dc Queensland 4010 Australia.,http://www.example.com,Queensland Australia.,May 5 2004,Do not confine your children to your own learning for they were born in another time,https://wikipedia.org,Web Development,https://www.facebook.com/,https://twitter.com/,https://dribbble.com/,https://www.behance.net/,https://www.youtube.com/,When an unknown printer took a galley of type and scrambled make a type specimen It has survived not only five centuries,Iron Maid DC/AC Megablow The Ill Kung Fighters System of a Revenge.,Breaking Good RedDevil People of Interest The Running Dead Found,The Crime of the Century Egiptian Mythology 101 The Scarred Wizard Lord of the Wings Amongst Gods The Oracle A Tale of Air and Water.,Idiocratic The Scarred Wizard and the Fire Crown Crime Squad Ferrum Man.,Swimming Surfing Scuba Diving Anime Photography Tattoos Street Art.,back-to-the-future - inglourious-basterds - the-godfather - the-shawshank-redemption - men-in-black - fight-club - the-wrestler - the-tourist,
21,cecelia,$P$B7ZG.zQCCWrFLCjiTrEMKBwoJtsWzu0,cecelia,bp.def.data+20@gmail.com,,2021-03-20 10:07:04,Cecelia Cichan,editor,Cecelia Cichan,Cecelia,Cichan,,Cecelia Cichan,info@example.com,,123 Main Street New York NY 10030.,http://www.example.com,United State of America,May 5 2004,Chose a job you love and you will never have to work a day in your life.,https://google.com,Content Development.,https://www.facebook.com/,https://twitter.com/,https://dribbble.com/,https://www.behance.net/,https://www.youtube.com/,When an unknown printer took a galley of type and scrambled make a type specimen It has survived not only five centuries,Iron Maid DC/AC Megablow The Ill Kung Fighters System of a Revenge.,Breaking Good RedDevil People of Interest The Running Dead Found,The Crime of the Century Egiptian Mythology 101 The Scarred Wizard Lord of the Wings Amongst Gods The Oracle A Tale of Air and Water.,Idiocratic The Scarred Wizard and the Fire Crown Crime Squad Ferrum Man.,Swimming Surfing Scuba Diving Anime Photography Tattoos Street Art.,wall-e - the-legend-of-zorro - harry-potter - blade-runner - monsters-inc - game-of-thrones - the-tourist - unstoppable,
22,dan,$P$BugRPrCSb52uA/p/jNL2m9.6RA5tXY.,dan,bp.def.data+21@gmail.com,,2021-03-11 00:11:41,Dan Cortese,subscriber,Dan Cortese,Dan,Cortese,,Dan Cortese,info@example.com,,123 Main Street New York NY 10030.,http://www.example.com,United State of America,August 8 2007,There is only one happiness in life -- to love and to be loved.,https://wikipedia.org,UX/UI Designer,https://www.facebook.com/,https://twitter.com/,https://dribbble.com/,https://www.behance.net/,https://www.youtube.com/,When an unknown printer took a galley of type and scrambled make a type specimen It has survived not only five centuries,Iron Maid DC/AC Megablow The Ill Kung Fighters System of a Revenge.,Breaking Good RedDevil People of Interest The Running Dead Found,The Crime of the Century Egiptian Mythology 101 The Scarred Wizard Lord of the Wings Amongst Gods The Oracle A Tale of Air and Water.,Idiocratic The Scarred Wizard and the Fire Crown Crime Squad Ferrum Man.,Swimming Surfing Scuba Diving Anime Photography Tattoos Street Art.,fight-club - gone-in-60-seconds - inglourious-basterds - the-shawshank-redemption - the-matrix - blade-runner - game-of-thrones - black-swan,
24,andre,$P$BbjMcfeE03QNLsDjNewmyOREMSNJOf.,andre,bp.def.data+23@gmail.com,,2021-03-19 00:19:26,Andre Dubus,subscriber,Andre Dubus,Andre,Dubus,,Andre Dubus,info@example.com,,59 Colonal Street Newyorkc City America.,http://www.example.com,Newyork City,July 7 2006,I hear and I forget I see and I remember. I do and I understand.,https://wordpress.org,Web Development,https://www.facebook.com/,https://twitter.com/,https://dribbble.com/,https://www.behance.net/,https://www.youtube.com/,When an unknown printer took a galley of type and scrambled make a type specimen It has survived not only five centuries,Iron Maid DC/AC Megablow The Ill Kung Fighters System of a Revenge,Breaking Good RedDevil People of Interest The Running Dead Found,The Crime of the Century Egiptian Mythology 101 The Scarred Wizard Lord of the Wings Amongst Gods The Oracle A Tale of Air and Water.,Idiocratic The Scarred Wizard and the Fire Crown Crime Squad Ferrum Man.,Swimming Surfing Scuba Diving Anime Photography Tattoos Street Art.,rocknrolla - gone-in-60-seconds - the-shawshank-redemption - forrest-gump - wall-e - back-to-the-future - game-of-thrones,
26,keir,$P$BLukvm7snR.DMTZNxed5l2c4vhVvUX.,keir,bp.def.data+25@gmail.com,,2021-02-26 06:32:15,Keir Dullea,subscriber,Keir Dullea,Keir,Dullea,,Keir Dullea,info@example.com,,123 Main Street New York NY 10030.,http://www.example.com,United State of America,July 7 2006,The New College of Design,Radiustheme Techlonology,UX/UI Designer,https://www.facebook.com/,https://twitter.com/,https://dribbble.com/,https://www.behance.net/,https://www.youtube.com/,When an unknown printer took a galley of type and scrambled make a type specimen It has survived not only five centuries,Iron Maid DC/AC Megablow The Ill Kung Fighters System of a Revenge.,Breaking Good RedDevil People of Interest The Running Dead Found,The Crime of the Century Egiptian Mythology 101 The Scarred Wizard Lord of the Wings Amongst Gods The Oracle A Tale of Air and Water.,Idiocratic The Scarred Wizard and the Fire Crown Crime Squad Ferrum Man.,Swimming Surfing Scuba Diving Anime Photography Tattoos Street Art.,men-in-black - the-legend-of-zorro - gone-in-60-seconds - blade-runner - monsters-inc,
