Members,user_login,user_pass,user_nicename,user_email,user_url,user_registered,display_name,user_role,Name,Website Details,Age,Bio Data,Passing year,Language,Country,group_name
1,admin,$P$Bx9aJ6spF5JwfYPURU672/83H3Hv18.,admin,jaahid.wbcom@gmail.com,,12/23/2017 7:24,admin,administrator,admin,,,,,,,Technology - Management
3,michael,$P$BX./9AitOxD5Ygi8STLcns3j1jnl4s1,michael,michael@gmail.com,,12/23/2017 7:51,Michael Li,subscriber,Michael Li,http://www.michael.com,67,Hello I'm Michael and I'm a software develop,8/14/1979,Hindi,India,Management
4,mercy,$P$BWNd8ujDBeQ58AEb5Mau.zCfrBnP9j/,mercy,mercy@gmail.com,,12/23/2017 7:51,Mercy Means,author,Mercy Means,http://www.mercy.com,23,Hello I'm Mercy and I'm a software develop,10/8/2015,Hindi - Urdu,India,Management - Technology
121,michael1,$P$BX./9AitOxD5Ygi8STLcns3j1jnl4s1,michael1,michae1l@gmail.com,,12/23/2017 8:28,michael1,subscriber,Michael Li,http://www.michael.com,67,Hello I'm Michael and I'm a software develop,8/14/1979,Hindi - English,India,
122,mercy1,$P$BWNd8ujDBeQ58AEb5Mau.zCfrBnP9j/,mercy1,mercy1@gmail.com,,12/23/2017 8:28,mercy1,author,Mercy Means,http://www.mercy.com,29,Hello I'm Mercy and I'm a software develop,10/8/2015,Urdu,India,
124,michael2,$P$BX./9AitOxD5Ygi8STLcns3j1jnl4s1,michael2,michael2@gmail.com,,12/23/2017 8:28,michael2,subscriber,Michael Li,http://www.michael.com,78,Hello I'm Michael and I'm a software develop,8/14/1979,Hindi - English,Austrailiya,Technology - Management
125,mercy2,$P$BWNd8ujDBeQ58AEb5Mau.zCfrBnP9j/,mercy2,mercy2@gmail.com,,12/23/2017 8:28,mercy2,author,Mercy Means,http://www.mercy.com,23,Hello I'm Mercy and I'm a software develop,10/8/2015,,India,Technology
127,michael3,$P$BX./9AitOxD5Ygi8STLcns3j1jnl4s1,michael3,michael3@gmail.com,,12/23/2017 8:28,michael3,subscriber,Michael Li,http://www.michael.com,45,Hello I'm Michael and I'm a software develop,8/14/1979,Hindi - English,Austrailiya,Management
128,mercy3,$P$BWNd8ujDBeQ58AEb5Mau.zCfrBnP9j/,mercy3,mercy3@gmail.com,,12/23/2017 8:28,mercy3,author,Mercy Means,http://www.mercy.com,23,Hello I'm Mercy and I'm a software develop,10/8/2015,Hindi,India,
130,michael4,$P$BX./9AitOxD5Ygi8STLcns3j1jnl4s1,michael4,michael4@gmail.com,,12/23/2017 8:28,michael4,subscriber,Michael Li,http://www.michael.com,34,Hello I'm Michael and I'm a software develop,8/14/1979,English,India,Technology
131,mercy4,$P$BWNd8ujDBeQ58AEb5Mau.zCfrBnP9j/,mercy4,mercy4@gmail.com,,12/23/2017 8:29,mercy4,author,Mercy Means,http://www.mercy.com,23,Hello I'm Mercy and I'm a software develop,10/8/2015,Hindi - Urdu,India,
132,jazzy5,$P$B413UXtk6s6QeEzWtAPiy9YUqPaeuc/,jazzy5,jazzy5@gmail.com,,12/23/2017 8:29,jazzy5,contributor,Jazzy Means,http://www.jazzy.com,33,Hello I'm jazzy and I'm a software developer,8/4/2020,Hindi,Austrailiya,
133,michael5,$P$BX./9AitOxD5Ygi8STLcns3j1jnl4s1,michael5,michael5@gmail.com,,12/23/2017 8:29,michael5,subscriber,Michael Li,http://www.michael.com,67,Hello I'm Michael and I'm a software develop,8/14/1979,Hindi - English,India,Technology - Management
134,mercy5,$P$BWNd8ujDBeQ58AEb5Mau.zCfrBnP9j/,mercy5,mercy5@gmail.com,,12/23/2017 8:29,mercy5,author,Mercy Means,http://www.mercy.com,89,Hello I'm Mercy and I'm a software develop,10/8/2015,Hindi - Urdu,India,Management
135,jazzy6,$P$B413UXtk6s6QeEzWtAPiy9YUqPaeuc/,jazzy6,jazzy6@gmail.com,,12/23/2017 8:29,jazzy6,contributor,Jazzy Means,http://www.jazzy.com,14,Hello I'm jazzy and I'm a software developer,8/4/2020,Urdu,Austrailiya,
136,michael6,$P$BX./9AitOxD5Ygi8STLcns3j1jnl4s1,michael6,michael6@gmail.com,,12/23/2017 8:29,michael6,subscriber,Michael Li,http://www.michael.com,67,Hello I'm Michael and I'm a software develop,8/14/1979,English,India,Technology
138,jazzy7,$P$B413UXtk6s6QeEzWtAPiy9YUqPaeuc/,jazzy7,jazzy7@gmail.com,,12/23/2017 8:29,jazzy7,contributor,Jazzy Means,http://www.jazzy.com,14,Hello I'm jazzy and I'm a software developer,8/4/2020,Hindi - Urdu,Austrailiya,Technology - Management
139,michael7,$P$BX./9AitOxD5Ygi8STLcns3j1jnl4s1,michael7,michael7@gmail.com,,12/23/2017 8:29,michael7,subscriber,Michael Li,http://www.michael.com,67,Hello I'm Michael and I'm a software develop,8/14/1979,Hindi - English,India,
141,jazzy8,$P$B413UXtk6s6QeEzWtAPiy9YUqPaeuc/,jazzy8,jazzy8@gmail.com,,12/23/2017 8:29,jazzy8,contributor,Jazzy Means,http://www.jazzy.com,90,Hello I'm jazzy and I'm a software developer,8/4/2020,Hindi - Urdu,Austrailiya,
144,jazzy9,$P$B413UXtk6s6QeEzWtAPiy9YUqPaeuc/,jazzy9,jazzy9@gmail.com,,12/23/2017 8:29,jazzy9,contributor,Jazzy Means,http://www.jazzy.com,14,Hello I'm jazzy and I'm a software developer,8/4/2020,Hindi - Urdu,Austrailiya,Management
147,jazzya,$P$B413UXtk6s6QeEzWtAPiy9YUqPaeuc/,jazzya,jazzya@gmail.com,,12/23/2017 8:30,jazzya,contributor,Jazzy Means,http://www.jazzy.com,78,Hello I'm jazzy and I'm a software developer,8/4/2020,Hindi - Urdu,Austrailiya,
